,1P1F,1P2F,2P1F,2P2F,F1,F2,Condicion,Final,Año,Tipo_Cursada,Virtual,Oral,Grupo
0,,,,,,,Desaprobado,,2020,Verano,No,,
1,,7.0,8.2,,,,Promocionado,8.0,2020,Verano,No,,
2,,,,,,,Desaprobado,,2020,Verano,No,,
3,,,,,,,Desaprobado,,2020,Verano,No,,
4,,,,,,,Libre,,2020,Verano,No,,
5,,,,,,,Desaprobado,,2020,Verano,No,,
6,,,,,,,Abandonó,,2020,Verano,No,,
7,,,,4.2,7.8,,Promocionado,6.0,2020,Verano,No,,
8,,,,,,,Abandonó,,2020,Verano,No,,
9,,,,,,,Abandonó,,2020,Verano,No,,
10,8.6,,7.9,,,,Promocionado,8.0,2020,Verano,No,,
11,7.5,,7.1,,,,Promocionado,7.0,2020,Verano,No,,
12,,8.3,9.5,,,,Promocionado,9.0,2020,Verano,No,,
13,7.6,,9.4,,,,Promocionado,9.0,2020,Verano,No,,
14,6.8999999999999995,,8.2,,,,Promocionado,8.0,2020,Verano,No,,
15,,,,,,,Abandonó,,2020,Verano,No,,
16,,8.7,5.9,,,,Promocionado,7.0,2020,Verano,No,,
17,,,7.1,,,,Abandonó,,2020,Verano,No,,
18,,,,,,,Abandonó,,2020,Verano,No,,
19,,6.3,6.5,,,,Promocionado,6.0,2020,Verano,No,,
20,,,,,,,Desaprobado,,2020,Verano,No,,
21,,,,,,,Desaprobado,,2020,Verano,No,,
22,,,,,,,Abandonó,,2020,Verano,No,,
23,,,,,,,Libre,,2020,Verano,No,,
24,,,,,,,Abandonó,,2020,Verano,No,,
25,,,,,,,Libre,,2020,Verano,No,,
26,6.6,,,6.199999999999999,,,Promocionado,6.0,2020,Verano,No,,
27,,8.6,5.7,,,,Promocionado,7.0,2020,Verano,No,,
28,,,,,,,Abandonó,,2020,Verano,No,,
29,,,,,,,Abandonó,,2020,Verano,No,,
30,,,,,,,Desaprobado,,2020,Verano,No,,
31,,,,,,,Desaprobado,,2020,Verano,No,,
32,,,7.1,,7.3999999999999995,,Promocionado,7.0,2020,Verano,No,,
33,,,6.6,,7.6,,Promocionado,7.0,2020,Verano,No,,
34,,,,,,,Desaprobado,,2020,Verano,No,,
35,,,,,,,Libre,,2020,Verano,No,,
36,,,,,,,Abandonó,,2020,Verano,No,,
37,,,,,,,Abandonó,,2020,Verano,No,,
38,6.8,,,,,5.9,Promocionado,6.0,2020,Verano,No,,
39,,,,,,,Libre,,2020,Verano,No,,
40,,,,5.800000000000001,7.8,,Promocionado,7.0,2020,Verano,No,,
41,8.2,,,7.3999999999999995,,,Promocionado,8.0,2020,Verano,No,,
42,,,,,,,Libre,,2020,Verano,No,,
43,,,,,,,Desaprobado,,2020,Verano,No,,
44,,,,,,,Abandonó,,2020,Verano,No,,
45,,,,,,,Libre,,2020,Verano,No,,
46,8.1,,8.7,,,,Promocionado,8.0,2020,Verano,No,,
47,,,,5.7,9.5,,Promocionado,8.0,2020,Verano,No,,
48,9.4,,8.600000000000001,,,,Promocionado,9.0,2020,Verano,No,,
49,,,,,,,Desaprobado,,2020,Verano,No,,
50,,,,,,,Desaprobado,,2020,Verano,No,,
51,7.0,,9.5,,,,Promocionado,8.0,2020,Verano,No,,
52,5.7,6.6000000000000005,,,,7.1,Promocionado,7.0,2020,Verano,No,,
53,,,,,,,Abandonó,,2020,Verano,No,,
54,,,,,,,Abandonó,,2020,Verano,No,,
55,,,4.1,7.6,,,Abandonó,,2020,Verano,No,,
56,,,,,,,Libre,,2020,Verano,No,,
57,,,,,,,Libre,,2020,Verano,No,,
58,,,,,,,Libre,,2020,Verano,No,,
59,,,,,,,Libre,,2020,Verano,No,,
60,,,,,,,Libre,,2020,Verano,No,,
61,8.5,,6.6,8.6,,,Promocionado,9.0,2020,Verano,No,,
62,,,,,,,Abandonó,,2020,Verano,No,,
63,,,,,,,Libre,,2020,Verano,No,,
64,,7.800000000000001,9.0,,,,Promocionado,8.0,2020,Verano,No,,
65,,,,,,,Abandonó,,2020,Verano,No,,
66,7.5,,7.300000000000001,,,,Promocionado,7.0,2020,Verano,No,,
67,,6.4,,7.1,,,Promocionado,7.0,2020,Verano,No,,
68,5.9,5.4,,,,8.2,Promocionado,7.0,2020,Verano,No,,
69,6.7,,6.4,,,,Promocionado,7.0,2020,Verano,No,,
70,,6.6,,,,6.4,Promocionado,7.0,2020,Verano,No,,
71,7.1,,7.2,,,,Promocionado,7.0,2020,Verano,No,,
72,,,,,,,Desaprobado,,2020,Verano,No,,
73,,,,5.9,7.4,,Promocionado,7.0,2020,Verano,No,,
74,,,,,,,Libre,,2020,Verano,No,,
75,,,,,,,Abandonó,,2020,Verano,No,,
76,,,,,,,Abandonó,,2020,Verano,No,,
77,,,,,,,Abandonó,,2020,Verano,No,,
78,,,,,,,Libre,,2020,Verano,No,,
79,,,,,,,Abandonó,,2020,Verano,No,,
80,,,,,,,Abandonó,,2020,Verano,No,,
81,9.3,,9.2,,,,Promocionado,9.0,2020,Verano,No,,
82,,,,7.0,6.6,,Promocionado,7.0,2020,Verano,No,,
83,6.9,,6.4,,,,Promocionado,7.0,2020,Verano,No,,
84,,,,,,,Libre,,2020,Verano,No,,
85,,,5.9,,6.3999999999999995,,Promocionado,6.0,2020,Verano,No,,
86,,,,,,,Abandonó,,2020,Verano,No,,
87,,,,,,,Abandonó,,2020,Verano,No,,
88,,6.6,5.1,7.2,,,Promocionado,7.0,2020,Verano,No,,
89,,,,,,,Libre,,2020,Verano,No,,
90,,,,,,,Abandonó,,2020,Verano,No,,
91,,,,,,,Libre,,2020,Verano,No,,
92,,,,,,,Abandonó,,2020,Verano,No,,
93,,6.300000000000001,7.2,,,,Promocionado,7.0,2020,Verano,No,,
94,,,5.699999999999999,5.3999999999999995,6.6,,Promocionado,6.0,2020,Verano,No,,
95,,,,,,,Libre,,2020,Verano,No,,
96,,8.0,9.1,,,,Promocionado,9.0,2020,Verano,No,,
97,,6.4,,7.3,,,Promocionado,7.0,2020,Verano,No,,
98,,,,,,,Abandonó,,2020,Verano,No,,
99,,,,,,,Desaprobado,,2020,Verano,No,,
100,,4.7,5.199999999999999,6.8,6.8,,Promocionado,7.0,2020,Verano,No,,
101,,7.5,6.300000000000001,,,,Promocionado,7.0,2020,Verano,No,,
102,,6.4,,6.9,,,Promocionado,7.0,2020,Verano,No,,
103,,,,,,,Libre,,2020,Verano,No,,
104,,,6.199999999999999,,7.4,,Promocionado,7.0,2020,Verano,No,,
105,,,,,,,Libre,,2020,Verano,No,,
106,8.4,,6.3999999999999995,,,,Promocionado,7.0,2020,Verano,No,,
107,,,,,,,Libre,,2020,Verano,No,,
108,8.7,,7.9,,,,Promocionado,9.0,2020,Anticipada,Si,Aprobado,
109,6.6,,,,,,Abandonó,,2020,Anticipada,Si,,
110,6.0,,7.95,,,,Promocionado,8.0,2020,Anticipada,Si,Aprobado,
111,5.9,,5.2,4.4,,8.3,Promocionado,8.0,2020,Anticipada,Si,Aprobado,
112,5.3,,4.3,3.3,,5.2,Desaprobado,,2020,Anticipada,Si,,
113,8.6,,8.3,,,,Promocionado,9.0,2020,Anticipada,Si,Aprobado,
114,2.6,,,,,,Abandonó,,2020,Anticipada,Si,,
115,8.7,,0.0,9.8,,,Promocionado,9.0,2020,Anticipada,Si,Aprobado,
116,4.3,4.7,6.1,,5.5,,Desaprobado,,2020,Anticipada,Si,,
117,3.2,4.8,2.35,3.4,,3.9,Desaprobado,,2020,Anticipada,Si,,
118,7.7,,7.4,,,,Promocionado,7.0,2020,Anticipada,Si,Aprobado,
119,8.0,,8.2,,,,Promocionado,8.0,2020,Anticipada,Si,Aprobado,
120,9.2,,8.6,,,,Promocionado,9.0,2020,Anticipada,Si,Aprobado,
121,9.2,,7.5,,,,Promocionado,8.0,2020,Anticipada,Si,Aprobado,
122,9.0,,9.2,,,,Promocionado,9.0,2020,Anticipada,Si,Aprobado,
123,,,,,,,Libre,,2020,Anticipada,Si,,
124,8.3,,9.55,,,,Promocionado,9.0,2020,Anticipada,Si,Aprobado,
125,9.0,,8.45,,,,Promocionado,8.0,2020,Anticipada,Si,Aprobado,
126,1.7,4.5,,,,,Abandonó,,2020,Anticipada,Si,,
127,,,,,,,Libre,,2020,Anticipada,Si,,
128,3.2,6.6,0.3,0.0,,5.4,Desaprobado,,2020,Anticipada,Si,Desaprobado,
129,5.3,,2.15,3.0,,,Abandonó,,2020,Anticipada,Si,,
130,0.8,,,,,,Abandonó,,2020,Anticipada,Si,,
131,8.6,,8.2,,,,Promocionado,7.0,2020,Anticipada,Si,Aprobado,
132,,,,,,,Libre,,2020,Anticipada,Si,,
133,4.1,,,2.1,,,Abandonó,,2020,Anticipada,Si,,
134,6.5,,,,,,Abandonó,,2020,Anticipada,Si,,
135,8.9,,7.05,,,,Promocionado,7.0,2020,Anticipada,Si,Aprobado,
136,,,,,,,Libre,,2020,Anticipada,Si,,
137,7.4,,6.6,,,,Promocionado,7.0,2020,Anticipada,Si,Aprobado,
138,,,,,,,Libre,,2020,Anticipada,Si,,
139,7.1,,6.6,,,,Promocionado,7.0,2020,Anticipada,Si,Aprobado,
140,4.9,4.0,1.55,4.95,4.9,,Desaprobado,,2020,Anticipada,Si,,
141,8.4,,7.25,,,,Promocionado,8.0,2020,Anticipada,Si,Aprobado,
142,8.6,,8.25,,,,Promocionado,9.0,2020,Anticipada,Si,Aprobado,
143,8.5,,6.55,,,,Promocionado,6.0,2020,Anticipada,Si,Aprobado,
144,9.2,,9.9,,,,Promocionado,10.0,2020,Anticipada,Si,Aprobado,
145,7.2,,7.6,,,,Promocionado,6.0,2020,Anticipada,Si,Aprobado,
146,,,,,,,Libre,,2020,Anticipada,Si,,
147,6.0,,6.35,,,,Desaprobado,,2020,Anticipada,Si,Desaprobado,
148,8.9,,10.0,,,,Promocionado,9.0,2020,Anticipada,Si,Aprobado,
149,,,,,,,Libre,,2020,Anticipada,Si,,
150,7.5,,9.25,,,,Promocionado,8.0,2020,Anticipada,Si,Aprobado,
151,3.6,5.9,5.75,7.4,,,Promocionado,6.0,2020,Anticipada,Si,Aprobado,
152,7.7,,2.95,4.5,,,Promocionado,6.0,2020,Anticipada,Si,Aprobado,
153,2.5,,,,,,Abandonó,,2020,Anticipada,Si,,
154,,,,,,,Libre,,2020,Anticipada,Si,,
155,10.0,,9.25,,,,Promocionado,10.0,2020,Anticipada,Si,Aprobado,
156,8.8,,7.9,,,,Promocionado,8.0,2020,Anticipada,Si,Aprobado,
157,8.2,,6.4,,,,Promocionado,6.0,2020,Anticipada,Si,Aprobado,
158,6.3,,2.35,9.8,,,Promocionado,8.0,2020,Anticipada,Si,Aprobado,
159,,,,,,,Libre,,2020,Anticipada,Si,,
160,6.9,,7.25,,,,Promocionado,7.0,2020,Anticipada,Si,Aprobado,
161,9.2,,,,,,Abandonó,,2020,Anticipada,Si,,
162,5.6,,,,,,Abandonó,,2020,Anticipada,Si,,
163,9.5,,9.0,,,,Promocionado,10.0,2020,Anticipada,Si,Aprobado,
164,6.0,,1.85,1.08,,1.27,Desaprobado,,2020,Anticipada,Si,,
165,4.5,,5.2,5.8,6.7,,Desaprobado,,2020,Anticipada,Si,Desaprobado,
166,5.7,,3.2,0.0,,7.45,Desaprobado,,2020,Anticipada,Si,Desaprobado,
167,8.9,,9.0,,,,Promocionado,9.0,2020,Anticipada,Si,Aprobado,
168,8.3,,9.05,,,,Promocionado,9.0,2020,Anticipada,Si,Aprobado,
169,4.5,,0.55,3.65,,5.45,Desaprobado,,2020,Anticipada,Si,,
170,10.0,,9.0,,,,Promocionado,10.0,2020,Anticipada,Si,Aprobado,
171,8.6,,8.9,,,,Desaprobado,,2020,Anticipada,Si,Desaprobado,
172,4.8,6.7,5.6,,,,Promocionado,6.0,2020,Anticipada,Si,Aprobado,
173,,,,,,,Libre,,2020,Anticipada,Si,,
174,1.7,1.2,1.75,,,,Abandonó,,2020,Anticipada,Si,,
175,5.8,,0.0,,,,Abandonó,,2020,Anticipada,Si,,
176,8.5,,9.45,,,,Promocionado,9.0,2020,Anticipada,Si,Aprobado,
177,8.6,,9.0,,,,Promocionado,9.0,2020,Anticipada,Si,Aprobado,
178,,,,,,,Libre,,2020,Anticipada,Si,,
179,10.0,,8.9,,,,Promocionado,9.0,2020,Anticipada,Si,Aprobado,
180,1.6,0.0,,,,,Abandonó,,2020,Anticipada,Si,,
181,9.4,,6.5,,,,Promocionado,8.0,2020,Anticipada,Si,Aprobado,
182,7.6,,7.35,,,,Promocionado,7.0,2020,Anticipada,Si,Aprobado,
183,6.4,,4.75,9.4,,,Promocionado,7.0,2020,Anticipada,Si,Aprobado,
184,9.2,,4.9,,,,Promocionado,7.0,2020,Anticipada,Si,Aprobado,
185,8.2,,8.15,,,,Promocionado,8.0,2020,Anticipada,Si,Aprobado,
186,6.4,,,,,,Abandonó,,2020,Anticipada,Si,,
187,,,,,,,Abandonó,,2020,Anticipada,Si,,
188,,,,,,,Abandonó,,2020,Anticipada,Si,,
189,8.2,,6.7,,,,Desaprobado,,2020,Anticipada,Si,Desaprobado,
190,8.9,,3.7,6.1,,,Promocionado,8.0,2020,Anticipada,Si,Aprobado,
191,5.0,,2.95,,,,Abandonó,,2020,Anticipada,Si,,
192,,,,,,,Abandonó,,2020,Anticipada,Si,,
193,7.6,,3.8,7.2,,,Desaprobado,,2020,Anticipada,Si,Desaprobado,
194,10.0,,8.25,,,,Promocionado,9.0,2020,Anticipada,Si,Aprobado,
195,9.2,,9.3,,,,Promocionado,9.0,2020,Anticipada,Si,Aprobado,
196,9.0,,7.45,,,,Promocionado,8.0,2020,Anticipada,Si,Aprobado,
197,,,,,,,Libre,,2020,Anticipada,Si,,
198,10.0,,10.0,,,,Promocionado,10.0,2020,Anticipada,Si,Aprobado,
199,,,,,,,Libre,,2020,Anticipada,Si,,
200,,1.25,,,,,Abandonó,,2021,Anticipada,Sí,,
201,5.8,,,,,,Abandonó,,2021,Anticipada,Sí,,
202,5.9,,,,,,Abandonó,,2021,Anticipada,Sí,,
203,,,,,,,Libre,,2021,Anticipada,Sí,,
204,,,,,,,Libre,,2021,Anticipada,Sí,,
205,,,,,,,Libre,,2021,Anticipada,Sí,,
206,4.0,3.83,,,,,Abandonó,,2021,Anticipada,Sí,,
207,8.7,,9.5,,,,Promocionado,9.0,2021,Anticipada,Sí,Aprobado,
208,,,,,,,Libre,,2021,Anticipada,Sí,,
209,8.1,,5.6,,,,Promocionado,8.0,2021,Anticipada,Sí,Aprobado,
210,,,,,,,Libre,,2021,Anticipada,Sí,,
211,,,,,,,Libre,,2021,Anticipada,Sí,,
212,4.3,4.4,3.1,3.8,,,Desaprobado,,2021,Anticipada,Sí,,
213,,,,,,,Libre,,2021,Anticipada,Sí,,
214,9.0,,5.5,,,,Desaprobado,,2021,Anticipada,Sí,Desaprobado,
215,4.4,5.85,2.6,,,,Abandonó,,2021,Anticipada,Sí,,
216,2.4,,,,,,Abandonó,,2021,Anticipada,Sí,,
217,7.0,,9.5,,,,Desaprobado,,2021,Anticipada,Sí,Desaprobado,
218,,,,,,,Libre,,2021,Anticipada,Sí,,
219,7.6,,8.4,,,,Promocionado,8.0,2021,Anticipada,Sí,Aprobado,
220,1.6,1.33,1.7,0.9,,,Desaprobado,,2021,Anticipada,Sí,,
221,1.2,,,,,,Abandonó,,2021,Anticipada,Sí,,
222,7.0,,8.0,,,,Promocionado,8.0,2021,Anticipada,Sí,Aprobado,
223,4.6,6.38,5.6,,,,Promocionado,6.0,2021,Anticipada,Sí,Aprobado,
224,,,,,,,Libre,,2021,Anticipada,Sí,,
225,3.0,,,,,,Abandonó,,2021,Anticipada,Sí,,
226,,,,,,,Libre,,2021,Anticipada,Sí,,
227,8.8,,,,,,Abandonó,,2021,Anticipada,Sí,,
228,8.3,,8.2,,,,Promocionado,8.0,2021,Anticipada,Sí,Aprobado,
229,4.6,6.83,5.0,3.8,,6.8,Desaprobado,,2021,Anticipada,Sí,Desaprobado,
230,0.0,3.1,,,,,Abandonó,,2021,Anticipada,Sí,,
231,0.0,3.19,1.3,,,,Abandonó,,2021,Anticipada,Sí,,
232,,,,,,,Libre,,2021,Anticipada,Sí,,
233,3.4,4.67,,,,,Abandonó,,2021,Anticipada,Sí,,
234,,,,,,,Libre,,2021,Anticipada,Sí,,
235,,,,,,,Libre,,2021,Anticipada,Sí,,
236,3.8,5.42,7.0,,,,Desaprobado,,2021,Anticipada,Sí,Desaprobado,
237,2.9,5.23,6.2,5.5,6.5,,Promocionado,6.0,2021,Anticipada,Sí,Aprobado,
238,6.8,,6.8,,,,Desaprobado,,2021,Anticipada,Sí,Desaprobado,
239,,,,,,,Libre,,2021,Anticipada,Sí,,
240,9.5,,10.0,,,,Promocionado,10.0,2021,Anticipada,Sí,Aprobado,
241,1.0,3.61,6.0,,,,Abandonó,,2021,Anticipada,Sí,,
242,4.6,,,,,,Abandonó,,2021,Anticipada,Sí,,
243,,,,,,,Libre,,2021,Anticipada,Sí,,
244,,,,,,,Libre,,2021,Anticipada,Sí,,
245,,,,,,,Libre,,2021,Anticipada,Sí,,
246,6.6,,6.5,,,,Promocionado,7.0,2021,Anticipada,Sí,Aprobado,
247,8.0,,5.0,,,,Promocionado,7.0,2021,Anticipada,Sí,Aprobado,
248,6.4,,4.4,3.7,,6.3,Promocionado,6.0,2021,Anticipada,Sí,Aprobado,
249,8.4,,7.2,,,,Promocionado,8.0,2021,Anticipada,Sí,Aprobado,
250,,,,,,,Libre,,2021,Anticipada,Sí,,
251,1.3,2.5,,,,,Abandonó,,2021,Anticipada,Sí,,
252,,,,,,,Libre,,2021,Anticipada,Sí,,
253,,,,,,,Libre,,2021,Anticipada,Sí,,
254,0.0,4.58,,,,,Abandonó,,2021,Anticipada,Sí,,
255,0.6,2.25,,,,,Abandonó,,2021,Anticipada,Sí,,
256,5.8,,4.0,5.4,,8.9,Promocionado,7.0,2021,Anticipada,Sí,Aprobado,
257,5.7,6.91,4.5,3.4,,,Abandonó,,2021,Anticipada,Sí,,
258,,,,,,,Libre,,2021,Anticipada,Sí,,
259,5.6,,5.9,5.2,,6.8,Promocionado,6.0,2021,Anticipada,Sí,Aprobado,
260,8.2,,,3.0,,8.8,Desaprobado,,2021,Anticipada,Sí,Desaprobado,
261,6.9,,7.2,,,,Desaprobado,,2021,Anticipada,Sí,Desaprobado,
262,,,,,,,Libre,,2021,Anticipada,Sí,,
263,9.2,,10.0,,,,Promocionado,10.0,2021,Anticipada,Sí,Aprobado,
264,,,,,,,Libre,,2021,Anticipada,Sí,,
265,,,,,,,Libre,,2021,Anticipada,Sí,,
266,,,,,,,Libre,,2021,Anticipada,Sí,,
267,3.2,4.44,1.8,3.2,,3.1,Desaprobado,,2021,Anticipada,Sí,,
268,1.4,,,,,,Abandonó,,2021,Anticipada,Sí,,
269,4.0,8.84,3.7,,,,Abandonó,,2021,Anticipada,Sí,,
270,1.8,2.42,,,,,Abandonó,,2021,Anticipada,Sí,,
271,6.0,,6.6,,,,Promocionado,7.0,2021,Anticipada,Sí,Aprobado,
272,,,,,,,Libre,,2021,Anticipada,Sí,,
273,6.1,,,3.3,,,Abandonó,,2021,Anticipada,Sí,,
274,9.1,,8.5,,,,Promocionado,10.0,2021,Anticipada,Sí,Aprobado,
275,7.6,,6.2,,,,Desaprobado,,2021,Anticipada,Sí,Desaprobado,
276,7.0,,5.2,,,,Promocionado,7.0,2021,Anticipada,Sí,Aprobado,
277,6.1,,7.3,,,,Promocionado,7.0,2021,Anticipada,Sí,Aprobado,
278,,,,,,,Libre,,2021,Anticipada,Sí,,
279,5.7,,2.2,4.2,,4.4,Desaprobado,,2021,Anticipada,Sí,,
280,4.0,6.8,3.0,2.0,,3.2,Desaprobado,,2021,Anticipada,Sí,,
281,1.0,5.6,5.7,,,6.0,Desaprobado,,2021,Anticipada,Sí,,
282,3.3,5.58,0.7,,,,Abandonó,,2021,Anticipada,Sí,,
283,0.8,,,,,,Abandonó,,2021,Anticipada,Sí,,
284,,3.75,,,,,Abandonó,,2021,Anticipada,Sí,,
285,3.9,7.2,4.7,8.2,,,Promocionado,8.0,2021,Anticipada,Sí,Aprobado,
286,7.0,,6.1,,,,Promocionado,7.0,2021,Anticipada,Sí,Aprobado,
287,6.8,,4.7,6.7,,,Promocionado,6.0,2021,Anticipada,Sí,Aprobado,
288,,,,,,,Libre,,2021,Anticipada,Sí,,
289,5.8,,9.7,,,,Desaprobado,,2021,Anticipada,Sí,Desaprobado,
290,4.5,6.15,,,,,Abandonó,,2021,Anticipada,Sí,,
291,5.1,6.95,8.1,,,,Desaprobado,,2021,Anticipada,Sí,Desaprobado,
292,5.6,7.8,7.7,,,,Desaprobado,,2021,Anticipada,Sí,Desaprobado,
293,,,,,,,Libre,,2021,Anticipada,Sí,,
294,7.3,,6.3,,,,Promocionado,6.0,2021,Anticipada,Sí,Aprobado,
295,0.0,0.0,0.3,,,,Abandonó,,2022,Verano,No,,
296,7.1,,4.2,9.7,,,Promocionado,8.0,2022,Verano,No,,
297,,,,,,,Libre,,2022,Verano,No,,
298,3.7,1.0,0.0,2.0,,,Desaprobado,,2022,Verano,No,,
299,3.2,1.3,2.5,,,,Abandonó,,2022,Verano,No,,
300,2.2,1.0,5.1,,5.4,,Desaprobado,,2022,Verano,No,,
301,2.4,4.8,7.3,,,,Promocionado,6.0,2022,Verano,No,,
302,0.4,0.9,,,,,Abandonó,,2022,Verano,No,,
303,5.2,,7.5,,,,Promocionado,6.0,2022,Verano,No,,
304,,,,,,,Libre,,2022,Verano,No,,
305,5.4,,5.8,,,6.7,Promocionado,6.0,2022,Verano,No,,
306,5.2,,4.6,,,,Promocionado,7.0,2022,Verano,No,,
307,1.1,,4.2,7.5,4.5,,Promocionado,6.0,2022,Verano,No,,
308,,,,,,,Libre,,2022,Verano,No,,
309,,,,,,,Libre,,2022,Verano,No,,
310,9.4,,8.3,,,,Promocionado,9.0,2022,Verano,No,,
311,,,,,,,Libre,,2022,Verano,No,,
312,,,,,,,Libre,,2022,Verano,No,,
313,0.0,2.1,,,,,Abandonó,,2022,Verano,No,,
314,2.7,2.3,2.9,6.7,6.4,,Promocionado,7.0,2022,Verano,No,,
315,,0.0,,,,,Abandonó,,2022,Verano,No,,
316,,0.7,0.0,0.8,,,Desaprobado,,2022,Verano,No,,
317,1.0,0.5,,,,,Abandonó,,2022,Verano,No,,
318,,,,,,,Libre,,2022,Verano,No,,
319,,7.1,,9.0,,,Promocionado,8.0,2022,Verano,No,,
320,,,,,,,Libre,,2022,Verano,No,,
321,,,0.0,1.3,,,Desaprobado,,2022,Verano,No,,
322,,,,,,,Libre,,2022,Verano,No,,
323,0.0,0.3,,,,,Abandonó,,2022,Verano,No,,
324,4.6,,3.0,3.0,,8.8,Promocionado,7.0,2022,Verano,No,,
325,,,,,,,Libre,,2022,Verano,No,,
326,,,,,,,Libre,,2022,Verano,No,,
327,0.6,,,,,,Abandonó,,2022,Verano,No,,
328,2.3,1.3,,,,,Abandonó,,2022,Verano,No,,
329,,,,,,,Libre,,2022,Verano,No,,
330,0.0,1.4,,0.0,,,Desaprobado,,2022,Verano,No,,
331,,4.0,1.4,,,,Abandonó,,2022,Verano,No,,
332,,,,,,,Libre,,2022,Verano,No,,
333,,,,,,,Libre,,2022,Verano,No,,
334,,,,,,,Libre,,2022,Verano,No,,
335,,,,,,,Libre,,2022,Verano,No,,
336,5.9,,5.9,,,,Promocionado,6.0,2022,Verano,No,,
337,,,,,,,Libre,,2022,Verano,No,,
338,2.5,0.4,,,,,Abandonó,,2022,Verano,No,,
339,3.4,1.75,,,,,Abandonó,,2022,Verano,No,,
340,,,,,,,Libre,,2022,Verano,No,,
341,2.9,,,,,,Abandonó,,2022,Verano,No,,
342,,,,,,,Libre,,2022,Verano,No,,
343,5.4,,,7.9,,,Promocionado,7.0,2022,Verano,No,,
344,0.3,0.3,,,,,Abandonó,,2022,Verano,No,,
345,3.0,4.3,5.0,,7.0,,Promocionado,6.0,2022,Verano,No,,
346,2.1,1.0,0.0,0.9,,,Desaprobado,,2022,Verano,No,,
347,9.3,,9.4,,,,Promocionado,10.0,2022,Verano,No,,
348,2.2,0.5,,,,,Abandonó,,2022,Verano,No,,
349,,,,,,,Libre,,2022,Verano,No,,
350,,,,,,,Libre,,2022,Verano,No,,
351,4.0,4.0,2.0,5.9,6.1,,Promocionado,6.0,2022,Verano,No,,
352,0.6,0.6,,,,,Abandonó,,2022,Verano,No,,
353,9.8,,10.0,,,,Promocionado,10.0,2022,Verano,No,,
354,,,,,,,Libre,,2022,Verano,No,,
355,,,,,,,Libre,,2022,Verano,No,,
356,,,,,,,Libre,,2022,Verano,No,,
357,0.9,0.5,0.4,,,,Abandonó,,2022,Verano,No,,
358,8.5,,9.4,,,,Promocionado,9.0,2022,Verano,No,,
359,,,,,,,Libre,,2022,Verano,No,,
360,0.3,0.0,,,,,Abandonó,,2022,Verano,No,,
361,1.3,0.0,,,,,Abandonó,,2022,Verano,No,,
362,6.5,,8.1,,,,Promocionado,7.0,2022,Verano,No,,
363,,,,,,,Libre,,2022,Verano,No,,
364,,,,,,,Libre,,2022,Verano,No,,
365,1.7,0.2,,,,,Abandonó,,2022,Verano,No,,
366,3.5,0.7,,,,,Abandonó,,2022,Verano,No,,
367,8.9,,8.6,,,,Promocionado,9.0,2022,Verano,No,,
368,,,,,,,Libre,,2022,Verano,No,,
369,,,,,,,Libre,,2022,Verano,No,,
370,3.0,2.6,4.3,,9.2,,Promocionado,7.0,2022,Verano,No,,
371,4.1,1.8,,,,,Abandonó,,2022,Verano,No,,
372,0.0,1.7,,,,,Abandonó,,2022,Verano,No,,
373,0.5,0.0,4.2,2.8,,,Desaprobado,,2022,Verano,No,,
374,,,,,,,Libre,,2022,Verano,No,,
375,2.6,6.9,4.6,,,,Promocionado,6.0,2022,Verano,No,,
376,,,,,,,Libre,,2022,Verano,No,,
377,3.5,4.0,2.0,1.4,,0.7,Desaprobado,,2022,Verano,No,,
378,0.0,,,,,,Abandonó,,2022,Verano,No,,
379,,0.4,,,,,Abandonó,,2022,Verano,No,,
380,0.0,0.5,,,,,Abandonó,,2022,Verano,No,,
381,4.7,,7.1,,,,Promocionado,6.0,2022,Verano,No,,
382,,,,,,,Libre,,2022,Verano,No,,
383,7.1,,5.3,,,,Promocionado,6.0,2022,Verano,No,,
384,,,1.0,0.9,,,Desaprobado,,2022,Verano,No,,
385,0.5,1.1,0.5,0.6,,,Desaprobado,,2022,Verano,No,,
386,,1.6,1.4,1.7,,,Desaprobado,,2022,Verano,No,,
387,2.7,0.9,,,,,Abandonó,,2022,Verano,No,,
388,0.0,0.3,,,,,Abandonó,,2022,Verano,No,,
389,,,,,,,Libre,,2022,Verano,No,,
390,0.0,0.4,,,,,Abandonó,,2022,Verano,No,,
391,,,,,,,Libre,,2022,Verano,No,,
392,,,,,,,Libre,,2022,Verano,No,,
393,0.8,1.1,0.0,0.7,,,Desaprobado,,2022,Verano,No,,
394,9.1,,6.4,,,,Promocionado,8.0,2022,Verano,No,,
395,3.0,0.0,,,,,Abandonó,,2022,Verano,No,,
396,,,,,,,Libre,,2022,Verano,No,,
397,,,,,,,Libre,,2022,Verano,No,,
398,,0.0,,,,,Abandonó,,2022,Verano,No,,
399,0.0,0.0,,,,,Abandonó,,2022,Verano,No,,
400,,,,,,,Libre,,2022,Verano,No,,
401,0.0,0.0,,,,,Abandonó,,2022,Verano,No,,
402,,,,,,,Libre,,2022,Verano,No,,
403,1.3,0.6,1.2,1.0,,,Desaprobado,,2022,Verano,No,,
404,,,,,,,Libre,,2022,Verano,No,,
405,,,,,,,Libre,,2022,Verano,No,,
406,2.2,3.4,2.15,3.5,,,Desaprobado,,2022,1er Semestre,No,,G1
407,,,,,,,Libre,,2022,1er Semestre,No,,G1
408,,,,,,,Libre,,2022,1er Semestre,No,,G1
409,,,,,,,Libre,,2022,1er Semestre,No,,G1
410,,,,,,,Libre,,2022,1er Semestre,No,,G1
411,7.9,,4.8,,,,Promocionado,6.0,2022,1er Semestre,No,,G1
412,1.1,,,,,,Abandonó,,2022,1er Semestre,No,,G1
413,0.0,0.0,0.0,,,,Abandonó,,2022,1er Semestre,No,,G1
414,,,,,,,Libre,,2022,1er Semestre,No,,G1
415,0.6,,,,,,Abandonó,,2022,1er Semestre,No,,G1
416,0.0,0.2,0.6,,,,Abandonó,,2022,1er Semestre,No,,G1
417,,,,,,,Libre,,2022,1er Semestre,No,,G1
418,,,,,,,Libre,,2022,1er Semestre,No,,G1
419,,,1.1,0.9,,,Desaprobado,,2022,1er Semestre,No,,G1
420,0.0,0.0,0.2,0.5,,,Desaprobado,,2022,1er Semestre,No,,G1
421,,,,,,,Libre,,2022,1er Semestre,No,,G1
422,0.4,,,,,,Abandonó,,2022,1er Semestre,No,,G1
423,,,,,,,Libre,,2022,1er Semestre,No,,G1
424,,,,,,,Libre,,2022,1er Semestre,No,,G1
425,6.1,,7.8,,,,Promocionado,7.0,2022,1er Semestre,No,,G1
426,6.0,,5.1,6.0,,,Promocionado,6.0,2022,1er Semestre,No,,G1
427,,,,,,,Libre,,2022,1er Semestre,No,,G1
428,5.3,,4.6,6.9,,,Promocionado,7.0,2022,1er Semestre,No,,G1
429,,,,,,,Libre,,2022,1er Semestre,No,,G1
430,,,,,,,Libre,,2022,1er Semestre,No,,G1
431,6.3,,3.4,5.75,,,Promocionado,6.0,2022,1er Semestre,No,,G1
432,0.0,1.2,,0.2,,,Desaprobado,,2022,1er Semestre,No,,G1
433,,2.7,,,,,Abandonó,,2022,1er Semestre,No,,G1
434,,,,,,,Libre,,2022,1er Semestre,No,,G1
435,6.5,,7.1,,,,Promocionado,7.0,2022,1er Semestre,No,,G1
436,6.1,,5.3,6.0,,,Promocionado,6.0,2022,1er Semestre,No,,G1
437,5.2,,1.0,3.2,,8.3,Promocionado,7.0,2022,1er Semestre,No,,G1
438,1.3,0.6,1.7,2.75,,,Desaprobado,,2022,1er Semestre,No,,G1
439,,,,,,,Libre,,2022,1er Semestre,No,,G1
440,3.2,,,,,,Abandonó,,2022,1er Semestre,No,,G1
441,,,,,,,Libre,,2022,1er Semestre,No,,G1
442,1.0,,2.1,1.9,,,Desaprobado,,2022,1er Semestre,No,,G1
443,3.5,2.4,4.7,5.45,7.0,,Promocionado,6.0,2022,1er Semestre,No,,G1
444,4.8,,4.1,7.65,,,Promocionado,7.0,2022,1er Semestre,No,,G1
445,5.7,,,2.1,,3.5,Desaprobado,,2022,1er Semestre,No,,G1
446,6.3,,6.1,,,,Promocionado,7.0,2022,1er Semestre,No,,G1
447,0.0,0.0,,,,,Abandonó,,2022,1er Semestre,No,,G1
448,,,,,,,Libre,,2022,1er Semestre,No,,G1
449,4.8,,3.6,0.0,,,Abandonó,,2022,1er Semestre,No,,G1
450,,,,,,,Libre,,2022,1er Semestre,No,,G1
451,0.3,1.3,,0.0,,,Desaprobado,,2022,1er Semestre,No,,G1
452,1.2,3.1,,,,,Abandonó,,2022,1er Semestre,No,,G1
453,3.0,2.6,2.9,2.25,,,Desaprobado,,2022,1er Semestre,No,,G1
454,2.3,3.6,1.2,0.7,,,Desaprobado,,2022,1er Semestre,No,,G1
455,,,,,,,Libre,,2022,1er Semestre,No,,G1
456,0.0,0.0,,0.5,,,Desaprobado,,2022,1er Semestre,No,,G1
457,5.7,,3.1,6.6,,,Promocionado,6.0,2022,1er Semestre,No,,G1
458,,,,,,,Libre,,2022,1er Semestre,No,,G1
459,6.2,,5.0,6.0,,,Promocionado,6.0,2022,1er Semestre,No,,G1
460,6.2,,4.9,6.0,,,Promocionado,6.0,2022,1er Semestre,No,,G1
461,5.4,,2.5,6.05,,6.6,Promocionado,6.0,2022,1er Semestre,No,,G1
462,2.8,5.2,,2.2,,,Abandonó,,2022,1er Semestre,No,,G1
463,2.1,4.9,2.1,6.8,,,Promocionado,6.0,2022,1er Semestre,No,,G1
464,,,,,,,Libre,,2022,1er Semestre,No,,G1
465,4.2,5.5,1.3,0.0,,3.3,Desaprobado,,2022,1er Semestre,No,,G1
466,,,,,,,Libre,,2022,1er Semestre,No,,G1
467,8.5,,6.7,,,,Promocionado,8.0,2022,1er Semestre,No,,G1
468,0.8,0.4,,,,,Abandonó,,2022,1er Semestre,No,,G1
469,1.1,0.4,,,,,Abandonó,,2022,1er Semestre,No,,G1
470,6.7,,6.5,,,,Promocionado,7.0,2022,1er Semestre,No,,G1
471,7.0,,5.2,,,,Promocionado,6.0,2022,1er Semestre,No,,G1
472,10.0,,10.0,,,,Promocionado,10.0,2022,1er Semestre,No,,G1
473,2.0,4.0,1.4,3.4,,,Abandonó,,2022,1er Semestre,No,,G1
474,1.7,5.2,1.7,4.15,,4.7,Desaprobado,,2022,1er Semestre,No,,G1
475,1.7,1.9,5.5,,6.5,,Promocionado,6.0,2022,1er Semestre,No,,G1
476,,,,,,,Libre,,2022,1er Semestre,No,,G1
477,,,,,,,Libre,,2022,1er Semestre,No,,G1
478,,0.0,,,,,Abandonó,,2022,1er Semestre,No,,G1
479,,,,,,,Libre,,2022,1er Semestre,No,,G1
480,1.8,,,,,,Abandonó,,2022,1er Semestre,No,,G1
481,0.9,1.8,,,,,Abandonó,,2022,1er Semestre,No,,G1
482,,,,,,,Libre,,2022,1er Semestre,No,,G1
483,1.6,1.8,2.4,3.6,,,Desaprobado,,2022,1er Semestre,No,,G1
484,2.2,3.7,,,,,Abandonó,,2022,1er Semestre,No,,G1
485,2.4,2.9,,,,,Abandonó,,2022,1er Semestre,No,,G1
486,1.6,1.0,,,,,Abandonó,,2022,1er Semestre,No,,G1
487,0.4,0.8,,,,,Abandonó,,2022,1er Semestre,No,,G1
488,,,,,,,Libre,,2022,1er Semestre,No,,G1
489,0.8,1.2,,,,,Abandonó,,2022,1er Semestre,No,,G1
490,1.6,0.7,1.6,2.6,,,Desaprobado,,2022,1er Semestre,No,,G1
491,,,,,,,Libre,,2022,1er Semestre,No,,G1
492,2.9,3.7,3.1,5.6,4.6,,Desaprobado,,2022,1er Semestre,No,,G1
493,,1.0,0.3,,,,Abandonó,,2022,1er Semestre,No,,G1
494,,,,,,,Libre,,2022,1er Semestre,No,,G1
495,0.9,2.0,,,,,Abandonó,,2022,1er Semestre,No,,G1
496,,,,,,,Libre,,2022,1er Semestre,No,,G1
497,,,,,,,Libre,,2022,1er Semestre,No,,G1
498,,,,,,,Libre,,2022,1er Semestre,No,,G1
499,0.4,0.8,1.2,2.4,,,Desaprobado,,2022,1er Semestre,No,,G1
500,,,,,,,Libre,,2022,1er Semestre,No,,G1
501,1.2,,,,,,Abandonó,,2022,1er Semestre,No,,G1
502,6.9,,2.6,5.05,,,Promocionado,6.0,2022,1er Semestre,No,,G1
503,,,,,,,Libre,,2022,1er Semestre,No,,G1
504,2.4,1.7,2.9,6.0,7.5,,Promocionado,8.0,2022,1er Semestre,No,,G1
505,,,,,,,Libre,,2022,1er Semestre,No,,G1
506,0.0,,,,,,Abandonó,,2022,1er Semestre,No,,G1
507,2.0,,1.6,5.2,2.5,,Desaprobado,,2022,1er Semestre,No,,G1
508,,,,,,,Libre,,2022,1er Semestre,No,,G1
509,6.3,,4.0,6.05,,,Promocionado,6.0,2022,1er Semestre,No,,G1
510,0.0,0.0,,,,,Abandonó,,2022,1er Semestre,No,,G1
511,8.5,,7.4,,,,Promocionado,9.0,2022,1er Semestre,No,,G1
512,8.0,,7.0,,,,Promocionado,8.0,2022,1er Semestre,No,,G1
513,1.5,2.9,2.4,1.7,,,Desaprobado,,2022,1er Semestre,No,,G1
514,0.0,,,,,,Abandonó,,2022,1er Semestre,No,,G1
515,0.0,1.2,,,,,Abandonó,,2022,1er Semestre,No,,G1
516,7.2,,7.5,,,,Promocionado,7.0,2022,1er Semestre,No,,G7
517,0.0,,,,,,Abandonó,,2022,1er Semestre,No,,G7
518,,,,,,,Libre,,2022,1er Semestre,No,,G7
519,0.0,0.0,0.0,0.0,,,Desaprobado,,2022,1er Semestre,No,,G7
520,0.0,4.3,4.0,6.6,,5.8,Desaprobado,,2022,1er Semestre,No,,G7
521,,,,,,,Libre,,2022,1er Semestre,No,,G7
522,0.0,0.0,0.0,0.0,,,Desaprobado,,2022,1er Semestre,No,,G7
523,0.0,0.0,0.0,7.2,4.8,,Promocionado,6.0,2022,1er Semestre,No,,G7
524,0.0,0.0,0.0,0.0,,,Desaprobado,,2022,1er Semestre,No,,G7
525,,,,,,,Libre,,2022,1er Semestre,No,,G7
526,,,,,,,Libre,,2022,1er Semestre,No,,G7
527,0.0,0.0,,,,,Abandonó,,2022,1er Semestre,No,,G7
528,0.0,0.0,,,,,Abandonó,,2022,1er Semestre,No,,G7
529,0.0,0.0,,,,,Abandonó,,2022,1er Semestre,No,,G7
530,4.3,8.1,4.8,,,,Promocionado,6.0,2022,1er Semestre,No,,G7
531,5.0,,7.7,,,,Promocionado,7.0,2022,1er Semestre,No,,G7
532,0.0,,,,,,Abandonó,,2022,1er Semestre,No,,G7
533,0.0,0.0,0.0,0.0,,,Desaprobado,,2022,1er Semestre,No,,G7
534,,0.0,,,,,Abandonó,,2022,1er Semestre,No,,G7
535,,,,,,,Libre,,2022,1er Semestre,No,,G7
536,,,,,,,Libre,,2022,1er Semestre,No,,G7
537,8.7,,5.5,,,,Promocionado,7.0,2022,1er Semestre,No,,G7
538,0.0,0.0,0.0,,,,Abandonó,,2022,1er Semestre,No,,G7
539,,,,,,,Libre,,2022,1er Semestre,No,,G7
540,0.0,0.0,,,,,Abandonó,,2022,1er Semestre,No,,G7
541,,,,,,,Libre,,2022,1er Semestre,No,,G7
542,0.0,0.0,0.0,0.0,,,Desaprobado,,2022,1er Semestre,No,,G7
543,,,,,,,Libre,,2022,1er Semestre,No,,G7
544,,,,,,,Libre,,2022,1er Semestre,No,,G7
545,0.0,0.0,,,,,Abandonó,,2022,1er Semestre,No,,G7
546,,,,,,,Libre,,2022,1er Semestre,No,,G7
547,,,,,,,Libre,,2022,1er Semestre,No,,G7
548,,,,,,,Libre,,2022,1er Semestre,No,,G7
549,,4.5,,0.0,,,Abandonó,,2022,1er Semestre,No,,G7
550,0.0,0.0,0.0,,,,Abandonó,,2022,1er Semestre,No,,G7
551,0.0,0.0,0.0,4.0,0.0,,Desaprobado,,2022,1er Semestre,No,,G7
552,0.0,,,,,,Abandonó,,2022,1er Semestre,No,,G7
553,4.7,,,,,,Abandonó,,2022,1er Semestre,No,,G7
554,5.4,,5.0,4.7,,8.6,Promocionado,7.0,2022,1er Semestre,No,,G7
555,0.0,0.0,0.0,0.0,,,Desaprobado,,2022,1er Semestre,No,,G7
556,,,,,,,Libre,,2022,1er Semestre,No,,G7
557,0.0,0.0,,,,,Abandonó,,2022,1er Semestre,No,,G7
558,0.0,,,,,,Abandonó,,2022,1er Semestre,No,,G7
559,0.0,0.0,0.0,,,,Abandonó,,2022,1er Semestre,No,,G7
560,0.0,0.0,0.0,,,,Abandonó,,2022,1er Semestre,No,,G7
561,0.0,0.0,,,,,Abandonó,,2022,1er Semestre,No,,G7
562,5.6,,6.4,,,,Promocionado,6.0,2022,1er Semestre,No,,G7
563,0.0,0.0,0.0,,,,Abandonó,,2022,1er Semestre,No,,G7
564,6.5,,5.5,,,,Promocionado,6.0,2022,1er Semestre,No,,G7
565,4.1,,0.0,7.15,,,Promocionado,6.0,2022,1er Semestre,No,,G7
566,0.0,0.0,0.0,0.0,,,Desaprobado,,2022,1er Semestre,No,,G7
567,0.0,,,,,,Abandonó,,2022,1er Semestre,No,,G7
568,0.0,0.0,0.0,0.0,,,Desaprobado,,2022,1er Semestre,No,,G7
569,7.4,,0.0,5.65,,,Promocionado,7.0,2022,1er Semestre,No,,G7
570,4.4,,4.6,8.1,,,Promocionado,6.0,2022,1er Semestre,No,,G7
571,4.6,,5.0,5.85,8.3,,Promocionado,8.0,2022,1er Semestre,No,,G7
572,,,,,,,Libre,,2022,1er Semestre,No,,G7
573,0.0,0.0,,,,,Abandonó,,2022,1er Semestre,No,,G7
574,,,,,,,Libre,,2022,1er Semestre,No,,G7
575,0.0,0.0,,,,,Abandonó,,2022,1er Semestre,No,,G7
576,0.0,0.0,0.0,6.65,0.0,,Desaprobado,,2022,1er Semestre,No,,G7
577,0.0,,,,,,Abandonó,,2022,1er Semestre,No,,G7
578,,,,,,,Libre,,2022,1er Semestre,No,,G7
579,0.0,0.0,0.0,0.0,,,Desaprobado,,2022,1er Semestre,No,,G7
580,5.9,,6.1,,,,Promocionado,6.0,2022,1er Semestre,No,,G7
581,0.0,,,,,,Abandonó,,2022,1er Semestre,No,,G7
582,,,,,,,Libre,,2022,1er Semestre,No,,G7
583,0.0,0.0,,,,,Abandonó,,2022,1er Semestre,No,,G7
584,,,,,,,Libre,,2022,1er Semestre,No,,G7
585,,,,,,,Libre,,2022,1er Semestre,No,,G7
586,0.0,,,0.0,,,Desaprobado,,2022,1er Semestre,No,,G7
587,,4.0,,0.0,,6.7,Desaprobado,,2022,1er Semestre,No,,G7
588,,,,,,,Libre,,2022,1er Semestre,No,,G7
589,0.0,0.0,0.0,0.0,,,Desaprobado,,2022,1er Semestre,No,,G7
590,0.0,0.0,0.0,0.0,,,Desaprobado,,2022,1er Semestre,No,,G7
591,0.0,4.8,0.0,0.0,,4.0,Desaprobado,,2022,1er Semestre,No,,G7
592,0.0,0.0,,,,,Abandonó,,2022,1er Semestre,No,,G7
593,,,,,,,Libre,,2022,1er Semestre,No,,G7
594,0.0,0.0,,,,,Abandonó,,2022,1er Semestre,No,,G7
595,,,,,,,Libre,,2022,1er Semestre,No,,G7
596,,,,,,,Libre,,2022,1er Semestre,No,,G7
597,0.0,6.5,0.0,4.85,,5.5,Promocionado,6.0,2022,1er Semestre,No,,G7
598,0.0,0.0,0.0,0.0,,,Desaprobado,,2022,1er Semestre,No,,G7
599,0.0,,,,,,Abandonó,,2022,1er Semestre,No,,G7
600,8.0,,6.0,,,,Promocionado,7.0,2022,1er Semestre,No,,G7
601,4.2,,0.0,,,,Abandonó,,2022,1er Semestre,No,,G7
602,,0.0,0.0,,,,Abandonó,,2022,1er Semestre,No,,G7
603,,,,,,,Libre,,2022,1er Semestre,No,,G7
604,,,,,,,Libre,,2022,1er Semestre,No,,G7
605,0.0,0.0,,,,,Abandonó,,2022,1er Semestre,No,,G7
606,,,,,,,Libre,,2022,1er Semestre,No,,G7
607,10.0,,9.1,,,,Promocionado,10.0,2022,1er Semestre,No,,G7
608,0.0,0.0,,,,,Abandonó,,2022,1er Semestre,No,,G7
609,0.0,,,,,,Abandonó,,2022,1er Semestre,No,,G7
610,,,,,,,Libre,,2022,1er Semestre,No,,G7
611,,,,,,,Libre,,2022,1er Semestre,No,,G7
612,0.0,5.4,,,,,Abandonó,,2022,1er Semestre,No,,G7
613,4.0,5.7,6.4,,,,Promocionado,6.0,2022,1er Semestre,No,,G7
614,0.0,0.0,,,,,Abandonó,,2022,1er Semestre,No,,G7
615,,,,,,,Libre,,2022,1er Semestre,No,,G7
616,,,,,,,Libre,,2022,1er Semestre,No,,G7
617,,,,,,,Libre,,2022,1er Semestre,No,,G7
618,0.0,0.0,0.0,,,,Abandonó,,2022,1er Semestre,No,,G7
619,,,,,,,Libre,,2022,1er Semestre,No,,G7
620,5.0,,,,,0.0,Abandonó,,2022,Anticipada,No,,
621,,,,,,,Libre,,2022,Anticipada,No,,
622,2.2,3.7,0.2,0.3,,,Desaprobado,,2022,Anticipada,No,,
623,,,,,,,Libre,,2022,Anticipada,No,,
624,9.0,,7.0,,,,Promocionado,8.0,2022,Anticipada,No,,
625,4.6,3.5,,,,,Abandonó,,2022,Anticipada,No,,
626,4.8,,4.5,6.2,6.8,,Promocionado,7.0,2022,Anticipada,No,,
627,6.3,,4.0,6.1,,,Promocionado,6.0,2022,Anticipada,No,,
628,4.1,,2.6,4.4,,6.3,Desaprobado,,2022,Anticipada,No,,
629,8.4,,7.6,,,,Promocionado,8.0,2022,Anticipada,No,,
630,9.0,,6.0,,,,Promocionado,8.0,2022,Anticipada,No,,
631,0.3,0.0,,,,,Abandonó,,2022,Anticipada,No,,
632,1.4,1.6,4.7,5.0,4.6,,Desaprobado,,2022,Anticipada,No,,
633,4.8,3.0,,,,,Abandonó,,2022,Anticipada,No,,
634,0.5,,,,,,Abandonó,,2022,Anticipada,No,,
635,2.0,3.6,0.2,1.2,,,Desaprobado,,2022,Anticipada,No,,
636,8.5,,5.9,,,,Promocionado,7.0,2022,Anticipada,No,,
637,,,,,,,Libre,,2022,Anticipada,No,,
638,4.0,5.8,,2.6,,3.4,Desaprobado,,2022,Anticipada,No,,
639,4.5,9.0,0.2,5.2,,,Promocionado,7.0,2022,Anticipada,No,,
640,3.1,3.0,,1.6,,,Desaprobado,,2022,Anticipada,No,,
641,,0.4,,,,,Abandonó,,2022,Anticipada,No,,
642,,,,,,,Libre,,2022,Anticipada,No,,
643,5.7,,1.3,5.9,,,Promocionado,6.0,2022,Anticipada,No,,
644,8.4,,6.3,,,,Promocionado,8.0,2022,Anticipada,No,,
645,0.0,0.0,,,,,Abandonó,,2022,Anticipada,No,,
646,5.6,,0.9,5.2,,5.4,Desaprobado,,2022,Anticipada,No,,
647,0.8,,,,,,Abandonó,,2022,Anticipada,No,,
648,,,,,,,Libre,,2022,Anticipada,No,,
649,,,,,,,Libre,,2022,Anticipada,No,,
650,,,,,,,Libre,,2022,Anticipada,No,,
651,5.8,,,,,,Abandonó,,2022,Anticipada,No,,
652,,,,,,,Libre,,2022,Anticipada,No,,
653,,,,,,,Libre,,2022,Anticipada,No,,
654,5.8,,3.8,7.8,,,Promocionado,7.0,2022,Anticipada,No,,
655,6.9,,3.3,3.3,,5.1,Promocionado,6.0,2022,Anticipada,No,,
656,1.6,,,,,,Abandonó,,2022,Anticipada,No,,
657,,,,,,,Libre,,2022,Anticipada,No,,
658,2.4,1.2,0.6,1.9,,,Desaprobado,,2022,Anticipada,No,,
659,2.8,,,,,,Abandonó,,2022,Anticipada,No,,
660,,,,,,,Libre,,2022,Anticipada,No,,
661,,,,,,,Libre,,2022,Anticipada,No,,
662,7.2,,4.4,5.4,,8.6,Promocionado,8.0,2022,Anticipada,No,,
663,4.8,4.0,4.6,,7.3,,Promocionado,6.0,2022,Anticipada,No,,
664,6.9,,5.9,,,,Promocionado,7.0,2022,Anticipada,No,,
665,0.3,3.1,0.7,1.4,,,Desaprobado,,2022,Anticipada,No,,
666,0.3,1.3,2.1,1.8,,,Desaprobado,,2022,Anticipada,No,,
667,,,,,,,Libre,,2022,Anticipada,No,,
668,8.9,,6.7,,,,Promocionado,8.0,2022,Anticipada,No,,
669,,,,,,,Libre,,2022,Anticipada,No,,
670,9.7,,6.7,,,,Promocionado,9.0,2022,Anticipada,No,,
671,,,,,,,Libre,,2022,Anticipada,No,,
672,4.8,6.5,3.0,3.1,,7.7,Promocionado,7.0,2022,Anticipada,No,,
673,3.7,8.3,6.2,,,,Promocionado,8.0,2022,Anticipada,No,,
674,,,,,,,Libre,,2022,Anticipada,No,,
675,4.0,,0.7,1.5,,3.6,Desaprobado,,2022,Anticipada,No,,
676,4.5,,,,,,Abandonó,,2022,Anticipada,No,,
677,5.0,,5.5,6.9,,,Promocionado,6.0,2022,Anticipada,No,,
678,,,,,,,Libre,,2022,Anticipada,No,,
679,1.7,6.0,2.7,6.2,,,Promocionado,6.0,2022,Anticipada,No,,
680,2.9,5.5,3.5,4.0,,7.2,Promocionado,6.0,2022,Anticipada,No,,
681,6.3,,2.6,2.1,,6.1,Promocionado,6.0,2022,Anticipada,No,,
682,1.4,3.5,,,,,Abandonó,,2022,Anticipada,No,,
683,5.9,,3.6,4.7,,7.9,Promocionado,7.0,2022,Anticipada,No,,
684,0.0,0.0,,,,,Abandonó,,2022,Anticipada,No,,
685,5.9,,4.2,6.6,,,Promocionado,6.0,2022,Anticipada,No,,
686,,,,,,,Libre,,2022,Anticipada,No,,
687,,0.4,1.1,,,,Abandonó,,2022,Anticipada,No,,
688,0.7,,,,,,Abandonó,,2022,Anticipada,No,,
689,,,,,,,Libre,,2022,Anticipada,No,,
690,,,,,,,Libre,,2022,Anticipada,No,,
691,0.5,,,,,,Abandonó,,2023,1er Semestre,No,,
692,4.3,1.8,4.3,,,,Abandonó,,2023,1er Semestre,No,,
693,2.1,,,,,,Abandonó,,2023,1er Semestre,No,,
694,,,,,,,Libre,,2023,1er Semestre,No,,
695,7.0,,5.5,,,,Promocionado,6.0,2023,1er Semestre,No,,
696,0.0,0.0,0.3,0.0,,,Desaprobado,,2023,1er Semestre,No,,
697,3.5,1.4,,,,,Abandonó,,2023,1er Semestre,No,,
698,2.4,1.7,,,,,Abandonó,,2023,1er Semestre,No,,
699,,,,,,,Libre,,2023,1er Semestre,No,,
700,,,,,,,Libre,,2023,1er Semestre,No,,
701,4.0,2.8,2.9,4.1,6.3,,Desaprobado,,2023,1er Semestre,No,,
702,2.4,0.4,,,,,Abandonó,,2023,1er Semestre,No,,
703,,,,,,,Libre,,2023,1er Semestre,No,,
704,4.0,,0.0,,,,Abandonó,,2023,1er Semestre,No,,
705,0.0,,,,,,Abandonó,,2023,1er Semestre,No,,
706,1.7,0.5,2.1,1.4,,,Desaprobado,,2023,1er Semestre,No,,
707,,,,,,,Libre,,2023,1er Semestre,No,,
708,0.2,0.0,0.5,,,,Abandonó,,2023,1er Semestre,No,,
709,5.7,,4.0,6.0,,,Promocionado,6.0,2023,1er Semestre,No,,
710,3.5,4.5,8.0,,,,Promocionado,6.0,2023,1er Semestre,No,,
711,0.8,0.2,0.2,0.6,,,Desaprobado,,2023,1er Semestre,No,,
712,0.0,0.3,,,,,Abandonó,,2023,1er Semestre,No,,
713,2.1,,,,,,Abandonó,,2023,1er Semestre,No,,
714,5.1,,6.1,5.8,,8.2,Promocionado,7.0,2023,1er Semestre,No,,
715,1.5,1.0,0.9,,,,Abandonó,,2023,1er Semestre,No,,
716,0.5,0.6,,0.0,,,Desaprobado,,2023,1er Semestre,No,,
717,5.3,,5.7,4.5,,7.0,Promocionado,6.0,2023,1er Semestre,No,,
718,8.0,,5.5,,,,Promocionado,7.0,2023,1er Semestre,No,,
719,0.0,0.2,,,,,Abandonó,,2023,1er Semestre,No,,
720,1.2,0.6,2.9,1.8,,,Desaprobado,,2023,1er Semestre,No,,
721,0.0,0.0,,,,,Abandonó,,2023,1er Semestre,No,,
722,0.0,0.9,0.0,,,,Abandonó,,2023,1er Semestre,No,,
723,0.5,,,,,,Abandonó,,2023,1er Semestre,No,,
724,7.6,,7.2,,,,Promocionado,7.0,2023,1er Semestre,No,,
725,6.7,,6.0,,,,Promocionado,7.0,2023,1er Semestre,No,,
726,6.3,,3.5,4.9,,4.0,Desaprobado,,2023,1er Semestre,No,,
727,6.0,,2.3,4.9,,1.3,Desaprobado,,2023,1er Semestre,No,,
728,6.1,,,,,,Abandonó,,2023,1er Semestre,No,,
729,7.5,,8.8,,,,Promocionado,8.0,2023,1er Semestre,No,,
730,6.6,,0.8,4.3,,4.4,Desaprobado,,2023,1er Semestre,No,,
731,3.5,4.3,0.2,,,,Abandonó,,2023,1er Semestre,No,,
732,0.4,,,,,,Abandonó,,2023,1er Semestre,No,,
733,0.0,0.0,,0.0,,,Desaprobado,,2023,1er Semestre,No,,
734,5.4,,4.9,5.0,,7.0,Promocionado,6.0,2023,1er Semestre,No,,
735,4.0,,3.7,3.2,,3.8,Desaprobado,,2023,1er Semestre,No,,
736,6.3,,9.1,,,,Promocionado,8.0,2023,1er Semestre,No,,
737,4.7,,6.6,,8.5,,Promocionado,8.0,2023,1er Semestre,No,,
738,,,,,,,Libre,,2023,1er Semestre,No,,
739,0.0,0.3,,,,,Abandonó,,2023,1er Semestre,No,,
740,2.7,3.1,2.3,3.0,,,Desaprobado,,2023,1er Semestre,No,,
741,0.5,0.9,3.3,3.0,,,Desaprobado,,2023,1er Semestre,No,,
742,1.8,1.4,2.2,5.5,1.8,,Desaprobado,,2023,1er Semestre,No,,
743,,,,,,,Libre,,2023,1er Semestre,No,,
744,0.0,,,,,,Abandonó,,2023,1er Semestre,No,,
745,1.7,1.6,4.3,,6.1,,Desaprobado,,2023,1er Semestre,No,,
746,2.4,0.9,0.4,0.7,,,Desaprobado,,2023,1er Semestre,No,,
747,2.8,2.4,,,,,Abandonó,,2023,1er Semestre,No,,
748,,,,,,,Libre,,2023,1er Semestre,No,,
749,0.7,0.2,,,,,Abandonó,,2023,1er Semestre,No,,
750,0.0,0.0,0.3,0.1,,,Desaprobado,,2023,1er Semestre,No,,
751,4.4,6.1,7.1,,,,Promocionado,7.0,2023,1er Semestre,No,,
752,1.9,1.4,2.0,0.0,,,Desaprobado,,2023,1er Semestre,No,,
753,0.0,0.0,0.0,,,,Abandonó,,2023,1er Semestre,No,,
754,5.2,,6.0,,8.9,,Promocionado,8.0,2023,1er Semestre,No,,
755,,,,,,,Libre,,2023,1er Semestre,No,,
756,4.7,,3.2,,,,Abandonó,,2023,1er Semestre,No,,
757,,,,,,,Libre,,2023,1er Semestre,No,,
758,0.0,0.4,0.8,,,,Abandonó,,2023,1er Semestre,No,,
759,0.0,0.0,,,,,Abandonó,,2023,1er Semestre,No,,
760,,,,,,,Libre,,2023,1er Semestre,No,,
761,6.7,,6.3,,,,Promocionado,7.0,2023,1er Semestre,No,,
762,2.0,3.1,0.0,0.8,,,Desaprobado,,2023,1er Semestre,No,,
763,0.0,0.0,0.0,,,,Abandonó,,2023,1er Semestre,No,,
764,7.0,,7.5,,,,Promocionado,7.0,2023,1er Semestre,No,,
765,3.5,3.2,4.2,,4.6,,Desaprobado,,2023,1er Semestre,No,,
766,0.8,0.3,0.0,0.0,,,Desaprobado,,2023,1er Semestre,No,,
767,,,,,,,Libre,,2023,1er Semestre,No,,
768,,,,,,,Libre,,2023,1er Semestre,No,,
769,2.8,2.0,5.5,,4.7,,Desaprobado,,2023,1er Semestre,No,,
770,,0.6,,,,,Abandonó,,2023,1er Semestre,No,,
771,0.3,0.2,0.1,0.3,,,Desaprobado,,2023,1er Semestre,No,,
772,2.9,2.1,3.6,6.2,5.0,,Desaprobado,,2023,1er Semestre,No,,
773,1.0,0.0,1.5,2.6,,,Desaprobado,,2023,1er Semestre,No,,
774,0.4,1.2,1.5,2.5,,,Desaprobado,,2023,1er Semestre,No,,
775,6.2,,5.2,5.8,,,Promocionado,6.0,2023,1er Semestre,No,,
776,8.4,,6.0,,,,Promocionado,7.0,2023,1er Semestre,No,,
777,,,,,,,Libre,,2023,Anticipada,No,,
778,0.7,,,,,,Abandonó,,2023,Anticipada,No,,
779,,0.0,,,,,Abandonó,,2023,Anticipada,No,,
780,,,,,,,Libre,,2023,Anticipada,No,,
781,4.2,,4.8,4.8,,5.5,Desaprobado,,2023,Anticipada,No,,
782,0.3,,,,,,Abandonó,,2023,Anticipada,No,,
783,,,,,,,Libre,,2023,Anticipada,No,,
784,,,,,,,Libre,,2023,Anticipada,No,,
785,0.2,0.4,0.0,,,,Abandonó,,2023,Anticipada,No,,
786,,,,,,,Libre,,2023,Anticipada,No,,
787,,,,,,,Libre,,2023,Anticipada,No,,
788,,,,,,,Libre,,2023,Anticipada,No,,
789,1.3,0.6,,,,,Abandonó,,2023,Anticipada,No,,
790,,,,,,,Libre,,2023,Anticipada,No,,
791,,,,,,,Libre,,2023,Anticipada,No,,
792,,,,,,,Libre,,2023,Anticipada,No,,
793,0.2,0.2,,,,,Abandonó,,2023,Anticipada,No,,
794,0.4,0.7,,,,,Abandonó,,2023,Anticipada,No,,
795,3.3,4.4,4.0,3.7,,7.4,Promocionado,6.0,2023,Anticipada,No,,
796,1.4,2.7,,,,,Abandonó,,2023,Anticipada,No,,
797,3.3,4.9,3.6,3.6,,4.1,Desaprobado,,2023,Anticipada,No,,
798,0.6,0.3,0.0,,,,Abandonó,,2023,Anticipada,No,,
799,0.2,,,,,,Abandonó,,2023,Anticipada,No,,
800,1.8,1.2,1.5,1.5,,,Desaprobado,,2023,Anticipada,No,,
801,,8.4,8.7,,,,Promocionado,10.0,2023,Anticipada,No,,
802,,,,,,,Libre,,2023,Anticipada,No,,
803,,,,,,,Libre,,2023,Anticipada,No,,
804,1.9,6.0,0.3,4.4,,5.6,Promocionado,6.0,2023,Anticipada,No,,
805,1.8,1.5,,,,,Abandonó,,2023,Anticipada,No,,
806,0.3,2.5,,,,,Abandonó,,2023,Anticipada,No,,
807,0.0,,,,,,Abandonó,,2023,Anticipada,No,,
808,1.2,3.3,3.7,5.6,8.2,,Promocionado,7.0,2023,Anticipada,No,,
809,,,,,,,Libre,,2023,Anticipada,No,,
810,,,,,,,Libre,,2023,Anticipada,No,,
811,0.0,0.4,,,,,Abandonó,,2023,Anticipada,No,,
812,0.7,0.2,,,,,Abandonó,,2023,Anticipada,No,,
813,,,,,,,Libre,,2023,Anticipada,No,,
814,,6.5,8.1,,,,Promocionado,8.0,2023,Anticipada,No,,
815,3.2,3.5,,,,,Abandonó,,2023,Anticipada,No,,
816,0.0,0.1,,,,,Abandonó,,2023,Anticipada,No,,
817,,,,,,,Libre,,2023,Anticipada,No,,
818,,,,,,,Libre,,2023,Anticipada,No,,
819,2.9,5.5,0.8,5.2,7.1,,Promocionado,6.0,2023,Anticipada,No,,
820,0.2,0.9,1.1,,,,Abandonó,,2023,Anticipada,No,,
821,,,,,,,Libre,,2023,Anticipada,No,,
822,,,,,,,Libre,,2023,Anticipada,No,,
823,,,,,,,Libre,,2023,Anticipada,No,,
824,,,,,,,Libre,,2023,Anticipada,No,,
825,,,,,,,Libre,,2023,Anticipada,No,,
826,,,,,,,Libre,,2023,Anticipada,No,,
827,0.9,2.1,0.6,,,,Abandonó,,2023,Anticipada,No,,
828,,,,,,,Libre,,2023,Anticipada,No,,
829,0.5,2.6,,,,,Abandonó,,2023,Anticipada,No,,
830,,,,,,,Libre,,2023,Anticipada,No,,
831,0.6,,,,,,Abandonó,,2023,Anticipada,No,,
832,,,,,,,Libre,,2023,Anticipada,No,,
833,0.3,0.0,,,,,Abandonó,,2023,Anticipada,No,,
834,1.1,2.7,,,,,Abandonó,,2023,Anticipada,No,,
835,0.0,,,,,,Abandonó,,2023,Anticipada,No,,
836,,,,,,,Libre,,2023,Anticipada,No,,
837,,,,,,,Libre,,2023,Anticipada,No,,
838,1.2,6.2,5.8,,,,Promocionado,6.0,2023,Anticipada,No,,
839,,,,,,,Libre,,2023,Anticipada,No,,
840,,,,,,,Libre,,2023,Anticipada,No,,
841,,,,,,,Libre,,2023,Anticipada,No,,
842,1.6,4.0,8.0,,,,Promocionado,6.0,2023,Anticipada,No,,
843,,,,,,,Libre,,2023,Anticipada,No,,
844,0.4,2.5,0.9,1.8,,,Desaprobado,,2023,Anticipada,No,,
845,,,,,,,Libre,,2023,Anticipada,No,,
846,1.8,5.0,4.4,4.4,6.9,,Promocionado,6.0,2023,Anticipada,No,,
847,,,,,,,Libre,,2023,Anticipada,No,,
848,,0.8,,,,,Abandonó,,2023,Anticipada,No,,
849,,2.7,2.7,4.9,3.1,,Desaprobado,,2024,Verano,No,,
850,2.7,2.7,1.7,4.0,6.3,,Desaprobado,,2024,Verano,No,,
851,6.6,,4.5,7.7,,,Promocionado,7.0,2024,Verano,No,,
852,2.4,7.2,8.2,,,,Promocionado,8.0,2024,Verano,No,,
853,0.1,,,,,,Abandonó,,2024,Verano,No,,
854,4.5,5.9,5.9,,,,Promocionado,6.0,2024,Verano,No,,
855,4.1,6.3,5.6,,,,Promocionado,6.0,2024,Verano,No,,
856,,,,,,,Libre,,2024,Verano,No,,
857,5.1,8.1,8.2,,,,Promocionado,8.0,2024,Verano,No,,
858,8.0,,9.7,,,,Promocionado,9.0,2024,Verano,No,,
859,2.6,3.4,0.2,1.4,,,Desaprobado,,2024,Verano,No,,
860,0.7,1.1,0.9,1.4,,,Desaprobado,,2024,Verano,No,,
861,1.6,2.0,1.6,0.9,,,Desaprobado,,2024,Verano,No,,
862,3.7,6.8,1.5,4.8,,,Abandonó,,2024,Verano,No,,
863,0.0,0.0,0.0,0.0,,,Desaprobado,,2024,Verano,No,,
864,2.2,6.9,4.3,6.35,,,Promocionado,7.0,2024,Verano,No,,
865,5.3,7.8,8.9,,,,Promocionado,8.0,2024,Verano,No,,
866,7.8,,,6.8,,,Promocionado,7.0,2024,Verano,No,,
867,1.4,3.2,3.8,7.6,4.4,,Promocionado,6.0,2024,Verano,No,,
868,0.2,1.4,0.5,,,,Abandonó,,2024,Verano,No,,
869,,0.3,0.2,0.1,,,Desaprobado,,2024,Verano,No,,
870,0.2,0.3,0.0,,,,Abandonó,,2024,Verano,No,,
871,0.6,0.2,,,,,Abandonó,,2024,Verano,No,,
872,0.0,1.9,0.0,0.4,,,Desaprobado,,2024,Verano,No,,
873,9.0,,5.2,,,,Promocionado,7.0,2024,Verano,No,,
874,3.4,6.9,2.1,2.7,,6.0,Promocionado,6.0,2024,Verano,No,,
875,7.1,,9.7,,,,Promocionado,8.0,2024,Verano,No,,
876,8.2,,6.9,,,,Promocionado,8.0,2024,Verano,No,,
877,3.0,5.6,3.0,2.4,,6.4,Promocionado,6.0,2024,Verano,No,,
878,0.7,0.9,0.2,1.0,,,Desaprobado,,2024,Verano,No,,
879,1.4,6.6,7.8,,,,Promocionado,7.0,2024,Verano,No,,
880,6.6,,9.5,,,,Promocionado,8.0,2024,Verano,No,,
881,2.6,7.1,6.8,,,,Promocionado,7.0,2024,Verano,No,,
882,5.0,,6.1,7.7,,,Promocionado,6.0,2024,Verano,No,,
883,5.8,,6.1,,,,Promocionado,6.0,2024,Verano,No,,
884,0.0,0.0,,,,,Abandonó,,2024,Verano,No,,
885,4.9,7.9,5.7,,,,Promocionado,7.0,2024,Verano,No,,
886,7.6,,8.7,,,,Promocionado,8.0,2024,Verano,No,,
887,,,,,,,Libre,,2024,Verano,No,,
888,7.5,,7.6,,,,Promocionado,8.0,2024,Verano,No,,
889,1.7,2.9,,,,,Abandonó,,2024,Verano,No,,
890,0.0,0.9,0.1,0.0,,,Desaprobado,,2024,Verano,No,,
891,10.0,,9.0,,,,Promocionado,10.0,2024,Verano,No,,
892,,,,,,,Libre,,2024,Verano,No,,
893,8.7,,8.7,,,,Promocionado,9.0,2024,Verano,No,,
894,7.9,,7.5,,,,Promocionado,8.0,2024,Verano,No,,
895,1.5,0.9,,,,,Abandonó,,2024,Verano,No,,
896,5.0,,,,,,Abandonó,,2024,Verano,No,,
897,3.5,3.7,0.9,4.4,5.6,,Desaprobado,,2024,Verano,No,,
898,3.6,1.3,1.5,3.6,,,Desaprobado,,2024,Verano,No,,
899,3.4,4.0,4.0,5.5,,8.0,Promocionado,6.0,2024,Verano,No,,
900,2.7,5.8,4.9,9.4,,,Promocionado,8.0,2024,Verano,No,,
901,5.3,,8.2,,,,Promocionado,7.0,2024,Verano,No,,
902,0.2,2.5,,,,,Abandonó,,2024,Verano,No,,
903,9.2,,9.9,,,,Promocionado,10.0,2024,Verano,No,,
904,1.6,5.1,6.0,6.8,,,Promocionado,6.0,2024,Verano,No,,
905,8.7,,7.6,,,,Promocionado,8.0,2024,Verano,No,,
906,0.2,2.1,0.7,6.0,6.0,,Promocionado,6.0,2024,Verano,No,,
907,4.5,5.5,4.5,5.6,,6.8,Promocionado,6.0,2024,Verano,No,,
908,1.1,3.4,2.5,4.6,0.6,,Desaprobado,,2024,Verano,No,,
909,9.7,,8.1,,,,Promocionado,9.0,2024,Verano,No,,
910,2.9,5.2,3.5,3.3,,7.1,Promocionado,6.0,2024,Verano,No,,
911,,,,,,,Libre,,2024,Verano,No,,
912,,,,,,,Libre,,2024,Verano,No,,
913,,,,,,,Libre,,2024,Verano,No,,
914,0.0,,,,,,Abandonó,,2024,Verano,No,,
915,1.1,1.8,0.6,1.8,,,Desaprobado,,2024,Verano,No,,
916,,,,,,,Libre,,2024,Verano,No,,
917,,0.0,0.0,,,,Abandonó,,2024,Verano,No,,
918,0.4,0.9,0.0,0.9,,,Desaprobado,,2024,Verano,No,,
919,6.3,,5.0,8.0,,,Promocionado,7.0,2024,Verano,No,,
920,7.9,,9.6,,,,Promocionado,9.0,2024,Verano,No,,
921,0.6,1.6,,,,,Abandonó,,2024,Verano,No,,
922,2.2,,,,,,Abandonó,,2024,Verano,No,,
923,0.0,3.1,3.7,4.6,4.6,,Desaprobado,,2024,Verano,No,,
924,0.0,0.8,0.3,,,,Abandonó,,2024,Verano,No,,
925,0.0,0.9,,,,,Abandonó,,2024,Verano,No,,
926,,,,,,,Libre,,2024,Verano,No,,
927,0.0,1.4,1.3,5.6,4.4,,Desaprobado,,2024,Verano,No,,
928,3.8,5.0,9.0,,,,Promocionado,7.0,2024,Verano,No,,
929,1.6,4.9,6.1,,4.3,,Desaprobado,,2024,Verano,No,,
930,1.1,0.8,,,,,Abandonó,,2024,Verano,No,,
931,10.0,,9.9,,,,Promocionado,10.0,2024,Verano,No,,
932,8.3,7.6,5.3,9.7,,,Promocionado,9.0,2024,Verano,No,,
933,8.7,,7.0,,,,Promocionado,8.0,2024,Verano,No,,
934,7.6,,7.4,,,,Promocionado,8.0,2024,Verano,No,,
935,,,,,,,Libre,,2024,Verano,No,,
936,0.0,0.3,0.0,,,,Abandonó,,2024,Verano,No,,
937,1.6,9.1,7.3,,,,Promocionado,8.0,2024,Verano,No,,
938,0.0,0.6,0.0,,,,Abandonó,,2024,Verano,No,,
939,2.1,6.9,6.0,,,,Promocionado,7.0,2024,Verano,No,,
940,7.5,,8.6,,,,Promocionado,8.0,2024,Verano,No,,
941,2.7,2.1,0.9,3.4,,,Desaprobado,,2024,Verano,No,,
942,0.6,0.3,,,,,Abandonó,,2024,Verano,No,,
943,10.0,,10.0,,,,Promocionado,10.0,2024,Verano,No,,
944,2.5,5.9,0.5,3.4,,2.2,Desaprobado,,2024,Verano,No,,
945,1.8,0.7,0.9,4.0,3.2,,Desaprobado,,2024,Verano,No,,
946,1.7,2.2,0.1,,,,Abandonó,,2024,Verano,No,,
947,4.0,,2.7,5.7,,4.4,Desaprobado,,2024,1er Semestre,No,,
948,0.0,,,,,,Abandonó,,2024,1er Semestre,No,,
949,0.2,2.4,0.2,0.0,,,Desaprobado,,2024,1er Semestre,No,,
950,0.4,2.3,0.6,,,,Abandonó,,2024,1er Semestre,No,,
951,0.4,0.2,0.2,0.0,,,Desaprobado,,2024,1er Semestre,No,,
952,0.0,0.4,0.4,,,,Abandonó,,2024,1er Semestre,No,,
953,0.0,0.0,,,,,Abandonó,,2024,1er Semestre,No,,
954,1.4,3.2,3.4,2.4,,,Desaprobado,,2024,1er Semestre,No,,
955,2.0,2.9,5.4,,5.2,,Desaprobado,,2024,1er Semestre,No,,
956,2.0,2.5,,,,,Abandonó,,2024,1er Semestre,No,,
957,0.0,0.0,,,,,Abandonó,,2024,1er Semestre,No,,
958,1.2,0.9,2.0,4.5,4.9,,Desaprobado,,2024,1er Semestre,No,,
959,5.0,4.9,5.6,4.3,,7.3,Promocionado,6.0,2024,1er Semestre,No,,
960,1.1,0.4,3.4,,,,Abandonó,,2024,1er Semestre,No,,
961,,0.7,,,,,Abandonó,,2024,1er Semestre,No,,
962,,,,,,,Libre,,2024,1er Semestre,No,,
963,,,,,,,Libre,,2024,1er Semestre,No,,
964,3.3,4.2,,,,,Abandonó,,2024,1er Semestre,No,,
965,1.8,,,,,,Abandonó,,2024,1er Semestre,No,,
966,,,,,,,Libre,,2024,1er Semestre,No,,
967,3.6,2.8,2.1,3.3,,,Desaprobado,,2024,1er Semestre,No,,
968,3.2,2.0,2.0,5.3,7.3,,Promocionado,6.0,2024,1er Semestre,No,,
969,5.2,2.5,,,,,Abandonó,,2024,1er Semestre,No,,
970,0.4,0.4,,,,,Abandonó,,2024,1er Semestre,No,,
971,4.9,4.8,7.5,,,,Promocionado,6.0,2024,1er Semestre,No,,
972,,,,,,,Libre,,2024,1er Semestre,No,,
973,1.4,1.4,0.4,3.3,,,Desaprobado,,2024,1er Semestre,No,,
974,5.3,,8.3,,,,Promocionado,7.0,2024,1er Semestre,No,,
975,,0.6,,,,,Abandonó,,2024,1er Semestre,No,,
976,0.0,0.0,0.0,0.1,,,Desaprobado,,2024,1er Semestre,No,,
977,3.4,4.0,3.5,6.4,,,Abandonó,,2024,1er Semestre,No,,
978,0.0,2.9,0.0,0.0,,,Desaprobado,,2024,1er Semestre,No,,
979,5.8,,,,,,Abandonó,,2024,1er Semestre,No,,
980,0.0,0.6,0.4,,,,Abandonó,,2024,1er Semestre,No,,
981,1.5,0.5,5.2,,7.0,,Promocionado,6.0,2024,1er Semestre,No,,
982,7.5,,6.1,,,,Promocionado,7.0,2024,1er Semestre,No,,
983,5.7,1.7,4.6,6.0,7.0,,Promocionado,7.0,2024,1er Semestre,No,,
984,,,,,,,Libre,,2024,1er Semestre,No,,
985,,,,,,,Libre,,2024,1er Semestre,No,,
986,0.0,0.2,0.7,0.6,,,Desaprobado,,2024,1er Semestre,No,,
987,0.0,1.0,,,,,Abandonó,,2024,1er Semestre,No,,
988,,,,,,,Libre,,2024,1er Semestre,No,,
989,,0.0,,,,,Abandonó,,2024,1er Semestre,No,,
990,0.0,0.0,,,,,Abandonó,,2024,1er Semestre,No,,
991,7.5,,3.5,6.0,,,Promocionado,7.0,2024,1er Semestre,No,,
992,,,,,,,Libre,,2024,1er Semestre,No,,
993,2.0,1.1,4.8,,7.2,,Promocionado,6.0,2024,1er Semestre,No,,
994,5.2,,2.7,3.2,,4.3,Desaprobado,,2024,1er Semestre,No,,
995,1.4,1.3,4.0,,8.5,,Promocionado,6.0,2024,1er Semestre,No,,
996,0.0,,,,,,Abandonó,,2024,1er Semestre,No,,
997,,0.0,,,,,Abandonó,,2024,1er Semestre,No,,
998,6.9,,5.7,,,,Promocionado,7.0,2024,1er Semestre,No,,
999,,,,,,,Libre,,2024,1er Semestre,No,,
1000,,1.5,,1.7,,,Abandonó,,2024,1er Semestre,No,,
1001,5.9,,8.1,,,,Promocionado,7.0,2024,1er Semestre,No,,
1002,0.2,0.5,,,,,Abandonó,,2024,1er Semestre,No,,
1003,1.2,2.0,,,,,Abandonó,,2024,1er Semestre,No,,
1004,4.2,,4.3,7.1,7.7,,Promocionado,7.0,2024,1er Semestre,No,,
1005,0.9,0.0,,,,,Abandonó,,2024,1er Semestre,No,,
1006,,,,,,,Libre,,2024,1er Semestre,No,,
1007,,,,,,,Libre,,2024,1er Semestre,No,,
1008,0.0,0.2,,,,,Abandonó,,2024,1er Semestre,No,,
1009,1.2,2.6,0.0,,,,Abandonó,,2024,1er Semestre,No,,
1010,3.6,2.4,,,,,Abandonó,,2024,1er Semestre,No,,
1011,3.6,,,,,,Abandonó,,2024,1er Semestre,No,,
1012,,,,,,,Libre,,2024,1er Semestre,No,,
1013,2.3,1.7,5.0,,4.5,,Desaprobado,,2024,1er Semestre,No,,
1014,2.0,,,,,,Abandonó,,2024,1er Semestre,No,,
1015,0.0,0.0,0.0,,,,Abandonó,,2024,1er Semestre,No,,
1016,0.4,3.5,5.4,,7.4,,Promocionado,6.0,2024,1er Semestre,No,,
1017,,,,,,,Libre,,2024,1er Semestre,No,,
1018,3.0,5.5,6.0,7.5,,,Promocionado,7.0,2024,1er Semestre,No,,
1019,4.8,2.3,3.2,7.5,8.6,,Promocionado,8.0,2024,1er Semestre,No,,
1020,0.0,,,,,,Abandonó,,2024,1er Semestre,No,,
1021,2.1,2.1,5.0,,7.3,,Promocionado,6.0,2024,1er Semestre,No,,
1022,0.0,0.0,,,,,Abandonó,,2024,1er Semestre,No,,
1023,1.9,2.7,2.2,4.0,6.7,,Desaprobado,,2024,1er Semestre,No,,
1024,1.4,1.0,3.2,6.2,8.5,,Promocionado,7.0,2024,1er Semestre,No,,
1025,,,,,,,Libre,,2024,1er Semestre,No,,
1026,,,,,,,Libre,,2024,1er Semestre,No,,
1027,1.1,0.0,0.0,,,,Abandonó,,2024,1er Semestre,No,,
1028,0.0,0.0,,,,,Abandonó,,2024,1er Semestre,No,,
1029,0.4,1.0,,,,,Abandonó,,2024,1er Semestre,No,,
1030,4.0,,4.8,6.3,8.4,,Promocionado,7.0,2024,1er Semestre,No,,
1031,,,,,,,Libre,,2024,1er Semestre,No,,
1032,4.5,,3.2,4.6,,6.2,Desaprobado,,2024,1er Semestre,No,,
1033,0.0,0.0,,,,,Abandonó,,2024,1er Semestre,No,,
1034,,,,0.2,0.6,,Desaprobado,,2024,1er Semestre,No,,
1035,0.8,,,,,,Abandonó,,2024,1er Semestre,No,,
1036,,,,,,,Libre,,2024,1er Semestre,No,,
1037,1.1,,,,,,Abandonó,,2024,1er Semestre,No,,
1038,0.6,0.9,,,,,Abandonó,,2024,1er Semestre,No,,
1039,0.3,1.7,2.7,3.3,,,Desaprobado,,2024,1er Semestre,No,,
1040,0.0,0.6,,,,,Abandonó,,2024,1er Semestre,No,,
1041,,0.0,,,,,Abandonó,,2024,1er Semestre,No,,
1042,2.1,4.0,5.0,6.0,7.8,,Promocionado,7.0,2024,1er Semestre,No,,
1043,,,0.0,,,,Abandonó,,2024,1er Semestre,No,,
1044,0.0,0.5,1.9,2.7,,,Desaprobado,,2024,1er Semestre,No,,
1045,2.6,4.8,3.4,7.4,,,Promocionado,6.0,2024,1er Semestre,No,,
1046,4.4,8.0,6.0,,,,Promocionado,7.0,2024,Anticipada,No,,
1047,0.0,0.4,0.0,,,,Abandonó,,2024,Anticipada,No,,
1048,4.5,6.1,5.9,,,,Promocionado,6.0,2024,Anticipada,No,,
1049,,8.2,9.5,,,,Promocionado,9.0,2024,Anticipada,No,,
1050,9.5,,,6.3,,,Promocionado,8.0,2024,Anticipada,No,,
1051,0.9,1.5,3.1,2.0,,,Desaprobado,,2024,Anticipada,No,,
1052,6.4,,3.3,4.4,,3.3,Desaprobado,,2024,Anticipada,No,,
1053,4.6,6.0,3.5,7.7,,,Promocionado,7.0,2024,Anticipada,No,,
1054,,,,,,,Libre,,2024,Anticipada,No,,
1055,7.4,,2.8,6.1,,,Promocionado,7.0,2024,Anticipada,No,,
1056,,,,,,,Libre,,2024,Anticipada,No,,
1057,4.0,7.9,5.2,,,,Promocionado,7.0,2024,Anticipada,No,,
1058,4.0,3.5,,4.5,4.9,,Desaprobado,,2024,Anticipada,No,,
1059,,,,,,,Libre,,2024,Anticipada,No,,
1060,9.6,,9.2,,,,Promocionado,10.0,2024,Anticipada,No,,
1061,,,,,,,Libre,,2024,Anticipada,No,,
1062,8.5,,7.8,,,,Promocionado,8.0,2024,Anticipada,No,,
1063,,,,,,,Libre,,2024,Anticipada,No,,
1064,3.8,3.5,4.6,4.0,6.8,,Desaprobado,,2024,Anticipada,No,,
1065,,,,,,,Libre,,2024,Anticipada,No,,
1066,0.0,0.3,0.1,,,,Abandonó,,2024,Anticipada,No,,
1067,,,,,,,Libre,,2024,Anticipada,No,,
1068,3.6,2.5,2.7,2.9,,,Desaprobado,,2024,Anticipada,No,,
1069,4.7,6.0,4.9,2.7,,7.0,Promocionado,6.0,2024,Anticipada,No,,
1070,4.4,6.5,7.0,,,,Promocionado,7.0,2024,Anticipada,No,,
1071,,,,,,,Libre,,2024,Anticipada,No,,
1072,2.1,6.4,1.0,3.0,,2.2,Desaprobado,,2024,Anticipada,No,,
1073,,,,,,,Libre,,2024,Anticipada,No,,
1074,7.1,,5.4,,,,Promocionado,6.0,2024,Anticipada,No,,
1075,3.7,4.7,0.9,4.2,,5.3,Desaprobado,,2024,Anticipada,No,,
1076,3.0,5.4,4.4,6.1,,6.7,Promocionado,6.0,2024,Anticipada,No,,
1077,,,,,,,Libre,,2024,Anticipada,No,,
1078,0.0,0.0,,,,,Abandonó,,2024,Anticipada,No,,
1079,,,,,,,Libre,,2024,Anticipada,No,,
1080,,0.6,2.2,0.7,,,Desaprobado,,2024,Anticipada,No,,
1081,,,,,,,Libre,,2024,Anticipada,No,,
1082,,,,,,,Libre,,2024,Anticipada,No,,
1083,0.0,0.0,,,,,Abandonó,,2024,Anticipada,No,,
1084,1.0,,,,,,Abandonó,,2024,Anticipada,No,,
1085,1.0,0.7,,,,,Abandonó,,2024,Anticipada,No,,
1086,0.0,0.0,,,,,Abandonó,,2024,Anticipada,No,,
1087,,,,,,,Libre,,2024,Anticipada,No,,
1088,,,,,,,Libre,,2024,Anticipada,No,,
1089,0.4,,,,,,Abandonó,,2024,Anticipada,No,,
1090,0.9,,,,,,Abandonó,,2024,Anticipada,No,,
1091,0.0,0.0,0.0,,,,Abandonó,,2024,Anticipada,No,,
1092,2.4,3.5,4.9,7.7,8.2,,Promocionado,8.0,2024,Anticipada,No,,
1093,1.4,2.6,0.2,2.9,,,Desaprobado,,2024,Anticipada,No,,
1094,8.0,,7.5,,,,Promocionado,8.0,2024,Anticipada,No,,
1095,1.8,,,,,,Abandonó,,2024,Anticipada,No,,
1096,1.5,1.3,1.3,1.0,,,Desaprobado,,2024,Anticipada,No,,
1097,,,,,,,Libre,,2024,Anticipada,No,,
1098,1.6,0.8,,,,,Abandonó,,2024,Anticipada,No,,
1099,,,,,,,Libre,,2024,Anticipada,No,,
1100,7.7,,8.7,,,,Promocionado,8.0,2024,Anticipada,No,,
1101,,,,,,,Libre,,2024,Anticipada,No,,
1102,,,,,,,Libre,,2024,Anticipada,No,,
1103,3.1,2.9,6.1,,8.2,,Promocionado,7.0,2024,Anticipada,No,,
1104,0.8,2.3,,,,,Abandonó,,2024,Anticipada,No,,
1105,,,,,,,Libre,,2024,Anticipada,No,,
1106,0.0,0.7,0.0,0.0,,,Desaprobado,,2024,Anticipada,No,,
1107,,,,,,,Libre,,2024,Anticipada,No,,
1108,3.5,3.5,,,,,Abandonó,,2024,Anticipada,No,,
1109,3.7,4.0,,,,,Abandonó,,2024,Anticipada,No,,
1110,,,,,,,Libre,,2024,Anticipada,No,,
1111,0.0,0.2,,,,,Abandonó,,2024,Anticipada,No,,
1112,1.8,0.9,,,,,Abandonó,,2024,Anticipada,No,,
1113,,,,,,,Libre,,2024,Anticipada,No,,
1114,,,,,,,Libre,,2024,Anticipada,No,,
1115,2.6,1.7,0.2,2.8,,,Desaprobado,,2024,Anticipada,No,,
1116,,,,,,,Libre,,2024,Anticipada,No,,
1117,6.8,,4.5,5.9,,,Promocionado,7.0,2024,Anticipada,No,,
1118,0.0,0.0,0.0,0.0,,,Desaprobado,,2024,Anticipada,No,,
1119,,,,,,,Libre,,2024,Anticipada,No,,
1120,,,,,,,Libre,,2024,Anticipada,No,,
1121,,,,,,,Libre,,2024,Anticipada,No,,
1122,3.2,2.4,2.9,,,,Abandonó,,2024,Anticipada,No,,
1123,8.1,,8.0,,,,Promocionado,8.0,2024,Anticipada,No,,
1124,0.4,0.5,0.4,,,,Abandonó,,2024,Anticipada,No,,
1125,1.4,0.5,1.6,3.4,,,Desaprobado,,2024,Anticipada,No,,
1126,4.6,3.3,,2.8,,,Desaprobado,,2024,Anticipada,No,,
1127,7.7,,8.1,,,,Promocionado,8.0,2024,Anticipada,No,,
1128,2.8,3.0,,,,,Abandonó,,2024,Anticipada,No,,
1129,,,,,,,Libre,,2024,Anticipada,No,,
1130,,1.0,,,,,Abandonó,,2024,Anticipada,No,,
1131,,,,,,,Libre,,2024,Anticipada,No,,
1132,,,,,,,Libre,,2024,Anticipada,No,,
1133,,,,,,,Libre,,2024,Anticipada,No,,
1134,,,,,,,Libre,,2024,Anticipada,No,,
1135,3.8,5.8,5.1,4.7,,4.0,Desaprobado,,2024,Anticipada,No,,
1136,10.0,,10.0,,,,Promocionado,10.0,2024,Anticipada,No,,
1137,,,,,,,Libre,,2024,Anticipada,No,,
1138,3.6,4.0,5.8,5.2,10.0,,Promocionado,8.0,2024,Anticipada,No,,
1139,,0.9,0.4,0.9,,,Desaprobado,,2024,Anticipada,No,,
1140,,,,,,,Libre,,2024,Anticipada,No,,
1141,7.0,,8.5,,,,Promocionado,8.0,2024,Anticipada,No,,
1142,0.2,,,,,,Abandonó,,2024,Anticipada,No,,
1143,,,,,,,Libre,,2024,Anticipada,No,,
